link,title,read_num,comment_num,heart_num
/p/a82800663590,2021-03-20,28,0,0
/p/d5a454d19217,2021-03-15,38,0,0
/p/3c11e5db55dc,2021-03-14,35,0,0
/p/239e0425f777,殇,37,0,0
/p/5dce3bb4fd5d,落花时节 书摘,16,0,0
/p/1a9f1abc68c9,锻炼,22,0,0
/p/caa2199a7bc9,突然懂你了,22,0,0
/p/22da9e358a4c,受打击了,38,0,0
/p/3ecf6ba36412,要去培训了,21,0,0
/p/8c0080f49d21,笔试第一的人反而压力大,35,0,0
/p/8feaeb18778a,总想着别人认真学就怎么样,30,0,0
/p/403e97ad7f1a,要不要报班学习,26,0,0
/p/1032de7a0b26,小思绪,30,0,0
/p/5d0f1d176073,摘句,48,0,1
/p/d3cdd13fc34e,了不起的我读书笔记（8）,97,0,5
/p/5a6adab200cc,摘句,22,0,0
/p/0102d86af09a,潜意识,32,0,1
/p/cd110d75cd63,了不起的我读书笔记（7）,16,0,0
/p/5d70d371b176,爱聊天但觉得累,33,0,0
/p/c5dbdd15b101,100天啦,15,0,0
/p/6ac8025b3bfa,摘句,14,0,0
/p/fc6e4d486af1,了不起的我读书笔记(5),36,0,1
/p/a64351e96cd5,了不起的我读书笔记（4）,28,0,1
/p/ab0334c92bab,周六啦,32,0,0
/p/2e585b58ea2f,了不起的我读书笔记（2）,30,0,1
/p/e741b2bc807d,了不起的我读书笔记（1）,15,0,0
/p/747d87bb02e3,今天逛海洋公园,27,0,0
/p/56643a68a7be,昨天忘记更新啦,13,0,0
/p/7f0017e8fcb9,提升生活品质,30,0,0
/p/36f6c0dfc3e6,职业规划和考证 ，孰先孰后？,64,0,2
/p/23860e2c3a0d,别慌，稳住,43,0,0
/p/97cfd9dbf997,考前心态,41,0,0
/p/162219d8dae2,考前紧张,47,0,1
/p/c9421b8204d4,热爱生活是一种态度,132,0,0
/p/0af863c42ea3,值班中,27,0,0
/p/6a1ccf8b1e6d,不想学习,25,0,0
/p/61dbd3b6e9ba,为什么坚持简书,30,0,0
/p/4b5d4b44ee75,今天听课坚持了3个小时,25,0,0
/p/9f6911cd3c61,化妆,36,0,0
/p/3c553cafb113,今天的思绪,19,0,0
/p/5b09d1869396,挖野菜,32,0,0
/p/d266f7046f92,午睡不能断,30,0,0
/p/3961a9a0e248,心目清明,96,1,0
/p/98dd3ea4d783,以终为始，单因素分离,17,0,0
/p/ca37a79ecea0,暴雪,54,0,1
/p/d5efc2ab8527,我妈把手机丢了,21,0,0
/p/5f57de81b0be,干扰学习的因素怎么那么多,88,0,3
/p/0eb7d5201a8f,日更四十天感悟,33,0,0
/p/b82bb1bbc2be,初五,37,0,0
/p/f7c7649d650b,压岁钱,39,0,0
/p/320ced17e48f,过年喽,79,0,2
/p/1b6c5a8cd32a,爱情,42,0,0
/p/880e2eb9fc73,割了个双眼皮,36,0,0
/p/b161caebc2f6,坚持久了就变成习惯,77,0,1
/p/165eeaeb4168,小年,37,0,0
/p/ae164d180bd1,感情,51,0,1
/p/723a20963e1d,事情一多我就乱,47,0,0
/p/7d3ccb3b65b3,想买的东西好多呀,44,0,0
/p/6cea0cbf8f5a,过年必备仪式：清扫,60,0,0
/p/078716481acf,鱼我所欲也,53,0,3
/p/9519528e3dfc,参加早自习第一天,43,0,0
/p/f5c59e1d2b96,不幸福来源,49,0,0
/p/045afc712b69,你喜欢的别人就一定要喜欢么,82,0,1
/p/2e4a353daea8,面对质疑,74,0,1
/p/6fb3a33e5806,31了，还能嫁出去么,88,0,3
/p/8c495c6e358d,关注自己就好,48,0,1
/p/bc12db41333d,学一门本事,51,0,0
/p/cbb59159e357,三十岁的迷茫和困惑,81,0,0
/p/5df0adb4fd49,大自然中的哲学,51,0,1
/p/902c6d18eb35,看大江大河感悟（一）,101,0,1
/p/15234703ce4f,流金岁月,110,0,2
/p/9dd542a0a2ea,求人办事,64,0,1
/p/496e5200d184,要上班了,37,0,0
/p/7d6708b593c1,高跟鞋,48,0,0
/p/fd6b779fc09c,一早上啥也没干,42,0,0
/p/a6bb0ff6aacd,春雨里洗过的太阳,44,0,0
/p/a9149cf92b5c,今天像个傻子,29,0,0
/p/6325a9f241ad,周末,48,0,1
/p/3937dd96e482,受害者到底是是谁？,13,0,5
/p/fb19fc37d9c9,今年怎么了？！,28,0,1
/p/e347a74e1f43,记录在简书更文的第三十天,26,0,1
/p/50202308097a,贵阳出租车司机殴打女乘客被拘留，只能说一个巴掌拍不响，都不是省油的灯。,30,0,0
/p/370b7773e280,昨晚上差点和一个骑摩托车的打起来了,35,0,0
/p/b4854a2367d0,天价分手费将花季少男送进监狱,52,1,0
/p/2a038a1d25e9,放下你所渴望的，出来的就是最好的结果,69,0,1
/p/097143f999eb,不以变现为目的的写作纯属耍流氓,74,0,1
/p/06f05e86e44f,"你的文章要的是""怦然心动""和""回味悠长""？记住这三点，轻松让你两者兼得",73,0,1
/p/d87a62e15729,懂复盘，人生才能翻盘,81,0,1
/p/3f567edcfd71,反思：是为了更好的前行,106,0,1
/p/a64ee309b154,不要用战术上的勤奋掩盖战略上的懒惰,81,0,1
/p/1ef451e3ebb1,要缩短与优秀的差距，在搜索素材上做对这3步,69,0,1
/p/7b111611ca92,"透过《理智与情感》这部影片解读爱情的""忠诚""",175,0,1
/p/754111a35fa6,离开，却没有好好的告别,194,0,0
/p/894030fdb45c,我们为什么看不得别人的好？,50,0,0
/p/fb1ab2e30a98,我的前半生,39,0,0
/p/d1065f7bccbe,遇见,76,0,1
/p/76fb505c645c,清理一段关系,76,0,0
/p/03ba9ea4d3c0,"如果你的老公是""石头""，你就要做点石成金的女人",227,2,2
/p/a177bff2fcb8,五月初夏，丹江口市旗袍协会的小姐姐们打卡美丽的均州古镇,47,0,1
/p/04ebad7949e5,早上好啊，发个信息问候一声，祝你幸福快乐每一天,39,0,1
/p/6ee9d47f93cc,襄阳鹿门夏日山风景,21,0,0
/p/1e488e9047c6,体验湖北最美高铁，汉十高铁襄阳至丹江口段，暮春时节更迷人,15,0,0
/p/4267d212cbd8,抒情散文：大美四月如诗如画,27,0,0
/p/966bbab18add,当生日撞上清明节时，这个生日过还是不过？,132,0,0
/p/a6dc2ade59f6,春季美食千千万唯有撸串最解馋,32,0,0
/p/677261d5dfed,“赘婿”小说中男主人公大PK,41,0,0
/p/bac657fecfac,情感散文：想念我的外婆,27,0,0
/p/c96bdc5f2711,今天为大家分享一下腌制腊鱼的两种烹饪方法，希望你能喜欢,38,0,0
/p/23384b297fd4,习家店“印象三花节”开幕，2021丹江口乡村旅游首游仪式启动,56,0,1
/p/ccb420e22128,医保累计缴费不够25年？我的这种情况算不算是医保视同已缴？,121,3,0
/p/8187c189500e,二十四节气之惊蛰：今日惊蛰,57,0,1
/p/02282b7fd77a,穿越时空的母女情：影评《你好，李焕英》,57,0,1
/p/b2c4a9c44d71,2021年正月十五元宵节，湖北襄阳下雪了！,97,0,0
/p/03ab0ae9a68a,玉兰花开，微风轻拂香四溢,83,0,2
/p/f2114cde666a,李花更比梨花美，雅致清爽迎春忙,92,0,2
/p/9121068afb4e,情感散文：小年随想,54,0,1
/p/dba976824678,几枝腊梅俏争春,57,0,0
/p/675c3dbe71bb,公司年终聚餐的那个农家乐，傍晚的风景太美了！,25,0,0
/p/439996c9281d,抒情：年味是一种无法言明的情感,100,0,0
/p/afde7debedba,关于年终奖的那些事：年终奖的名单下来了,101,0,1
/p/a84d4b8c7ffd,真实故事：盗车，请注意！,76,0,2
/p/48d9ec7463d3,夕阳下的襄阳东高铁站,84,0,0
/p/e2b4ddb915e3,一个苦逼打工族的年终总结：世间文字十万个，唯有穷字最杀人,95,0,0
/p/d7f5fc7a5d92,2020我的搜狐时光：在自己专注的领域中，获得“情场老司机”称号,36,0,0
/p/704740298c2a,襄音襄语02：我像洋人，我像犯人，我想揍人！,112,0,0
/p/056ac0713412,我的货车刚年检合格，就面临淘汰了，是时候换辆国六标准的了,50,0,0
/p/d5d7f83b598f,开心一下：他还那么年轻，眼睛咋就瞎了呢？,35,0,0
/p/9c5be3094b2d,"开心一刻：为什么父亲以前叫“爹”现在叫“爸爸""呢？",222,0,0
/p/03701213bcb7,人生在世3万天，少生气少烦恼，舒服一秒是一秒,80,0,0
/p/ffa75568cb38,美丽，热闹，繁华，这就是湖北丹江口市人民广场冬日夜晚的魅力！,161,0,1
/p/25a5183c5737,小小说：亲家老表,84,0,0
/p/7e7e2c364acb,小小说：村干部老杨头,90,0,0
/p/fe029d2f50e8,职场：理性看待老同事一个个辞职离开,146,0,1
/p/fc133c8ae0eb,阳鸭子同志二三事,149,0,1
/p/a098f4ad15e6,重阳随笔二则,54,0,1
/p/8b05690bb67c,听雨轩中，静听雨声,90,0,1
/p/08d8627e47c3,我的租房，是陋室中的陋室,58,0,0
/p/84c191b6e5b4,出租房里充满爱的小纸条,107,0,1
/p/9bb262a8b382,思念是一丝细细的雨,79,0,2
/p/fb6bbbd8f975,抒情散文：这一刻，曲终人散,55,0,0
/p/16330a115b4a,微诗：月光,86,0,1
/p/ddfb97daa96a,小诗:爱你一生一世,59,0,1
/p/2dafa0fc58ce,北京打工一周年祭,111,4,0
/p/4e129bfec199,早安！一天的好心情，从我的问候开始07,162,0,0
